Canada appeared in documents,Total Words (m),Frequency (f),Relative frequency(f/m)
myfile1002.txt,1374,0,0.0
myfile1003.txt,51,0,0.0
myfile1004.txt,738,9,0.012195121951219513
myfile1005.txt,258,6,0.023255813953488372
myfile1006.txt,1392,0,0.0
myfile1007.txt,192,0,0.0
myfile1008.txt,51,0,0.0
myfile1009.txt,201,0,0.0
myfile1010.txt,174,0,0.0
myfile1011.txt,75,0,0.0
myfile1012.txt,129,0,0.0
myfile1013.txt,1206,0,0.0
myfile1014.txt,144,0,0.0
myfile1015.txt,285,0,0.0
myfile1016.txt,165,0,0.0
myfile1017.txt,168,0,0.0
myfile1018.txt,309,0,0.0
myfile1019.txt,324,0,0.0
myfile1020.txt,333,0,0.0
myfile1021.txt,42,0,0.0
myfile1022.txt,123,0,0.0
myfile1023.txt,288,0,0.0
myfile1024.txt,264,0,0.0
myfile1025.txt,42,0,0.0
myfile1026.txt,78,0,0.0
myfile1027.txt,168,0,0.0
myfile1028.txt,291,0,0.0
myfile1029.txt,240,0,0.0
myfile1030.txt,342,0,0.0
myfile1031.txt,288,0,0.0
myfile1032.txt,105,0,0.0
myfile1033.txt,186,0,0.0
myfile1034.txt,258,0,0.0
myfile1035.txt,198,0,0.0
myfile1036.txt,126,0,0.0
myfile1037.txt,138,0,0.0
myfile1038.txt,114,0,0.0
myfile1039.txt,144,0,0.0
myfile1040.txt,438,0,0.0
myfile1041.txt,186,0,0.0
myfile1042.txt,147,0,0.0
myfile1043.txt,195,0,0.0
myfile1044.txt,150,0,0.0
myfile1045.txt,153,0,0.0
myfile1046.txt,609,0,0.0
myfile1047.txt,153,0,0.0
myfile1048.txt,75,0,0.0
myfile1049.txt,135,0,0.0
myfile1050.txt,255,0,0.0
myfile1051.txt,315,0,0.0
myfile1052.txt,384,0,0.0
myfile1053.txt,219,0,0.0
myfile1054.txt,147,0,0.0
myfile1055.txt,177,0,0.0
myfile1056.txt,54,3,0.05555555555555555
myfile1057.txt,582,0,0.0
myfile1058.txt,531,0,0.0
myfile1059.txt,42,0,0.0
myfile1060.txt,333,0,0.0
myfile1061.txt,39,0,0.0
myfile1062.txt,72,0,0.0
myfile1063.txt,54,0,0.0
myfile1064.txt,45,0,0.0
myfile1065.txt,360,0,0.0
myfile1066.txt,117,0,0.0
myfile1067.txt,240,0,0.0
myfile1068.txt,48,0,0.0
myfile1069.txt,309,0,0.0
myfile1070.txt,174,0,0.0
myfile1071.txt,264,0,0.0
myfile1072.txt,213,0,0.0
myfile1073.txt,315,0,0.0
myfile1074.txt,186,0,0.0
myfile1075.txt,255,0,0.0
myfile1076.txt,186,0,0.0
myfile1077.txt,96,0,0.0
myfile1078.txt,822,0,0.0
myfile1079.txt,258,0,0.0
myfile1080.txt,654,0,0.0
myfile1081.txt,171,0,0.0
myfile1082.txt,297,0,0.0
myfile1083.txt,219,0,0.0
myfile1084.txt,72,0,0.0
myfile1085.txt,72,0,0.0
myfile1086.txt,69,0,0.0
myfile1087.txt,72,0,0.0
myfile1088.txt,66,0,0.0
myfile1089.txt,273,0,0.0
myfile1090.txt,255,0,0.0
myfile1091.txt,48,0,0.0
myfile1092.txt,162,0,0.0
myfile1093.txt,195,0,0.0
myfile1094.txt,75,0,0.0
myfile1095.txt,201,0,0.0
myfile1096.txt,288,0,0.0
myfile1097.txt,276,0,0.0
myfile1098.txt,54,0,0.0
myfile1099.txt,282,0,0.0
myfile1100.txt,150,0,0.0
myfile1101.txt,918,0,0.0
myfile1102.txt,339,0,0.0
myfile1103.txt,384,0,0.0
myfile1104.txt,291,0,0.0
myfile1105.txt,99,0,0.0
myfile1106.txt,165,0,0.0
myfile1107.txt,336,0,0.0
myfile1108.txt,93,0,0.0
myfile1109.txt,192,0,0.0
myfile1110.txt,276,0,0.0
myfile1111.txt,51,0,0.0
myfile1112.txt,252,0,0.0
myfile1113.txt,147,0,0.0
myfile1114.txt,216,0,0.0
myfile1115.txt,1140,0,0.0
myfile1116.txt,558,0,0.0
myfile1117.txt,228,0,0.0
myfile1118.txt,309,0,0.0
myfile1119.txt,228,0,0.0
myfile1120.txt,546,0,0.0
myfile1121.txt,54,0,0.0
myfile1122.txt,261,0,0.0
myfile1123.txt,801,0,0.0
myfile1124.txt,45,3,0.06666666666666667
myfile1125.txt,42,0,0.0
myfile1126.txt,270,0,0.0
myfile1127.txt,45,0,0.0
myfile1128.txt,264,0,0.0
myfile1129.txt,264,0,0.0
myfile1130.txt,282,0,0.0
myfile1131.txt,1644,0,0.0
myfile1132.txt,96,0,0.0
myfile1133.txt,144,0,0.0
myfile1134.txt,141,0,0.0
myfile1135.txt,207,0,0.0
myfile1136.txt,126,0,0.0
myfile1137.txt,132,0,0.0
myfile1138.txt,426,0,0.0
myfile1139.txt,42,0,0.0
myfile1140.txt,234,0,0.0
myfile1141.txt,309,0,0.0
myfile1142.txt,345,0,0.0
myfile1143.txt,210,0,0.0
myfile1144.txt,111,0,0.0
myfile1145.txt,477,0,0.0
myfile1146.txt,213,0,0.0
myfile1147.txt,642,0,0.0
myfile1148.txt,96,0,0.0
myfile1149.txt,540,0,0.0
myfile1150.txt,288,0,0.0
myfile1151.txt,42,0,0.0
myfile1152.txt,279,0,0.0
myfile1153.txt,345,0,0.0
myfile1154.txt,63,0,0.0
myfile1155.txt,144,0,0.0
myfile1156.txt,255,0,0.0
myfile1157.txt,435,0,0.0
myfile1158.txt,876,0,0.0
myfile1159.txt,258,0,0.0
myfile1160.txt,168,0,0.0
myfile1161.txt,45,0,0.0
myfile1162.txt,279,0,0.0
myfile1163.txt,48,0,0.0
myfile1164.txt,237,0,0.0
myfile1165.txt,165,0,0.0
myfile1166.txt,156,0,0.0
myfile1167.txt,327,0,0.0
myfile1168.txt,54,0,0.0
myfile1169.txt,555,0,0.0
myfile1170.txt,60,0,0.0
myfile1171.txt,45,0,0.0
myfile1172.txt,39,0,0.0
myfile1173.txt,168,0,0.0
myfile1174.txt,348,0,0.0
myfile1175.txt,444,0,0.0
myfile1176.txt,168,0,0.0
myfile1177.txt,78,0,0.0
myfile1178.txt,183,0,0.0
myfile1179.txt,225,0,0.0
myfile1180.txt,156,0,0.0
myfile1181.txt,81,0,0.0
myfile1182.txt,87,0,0.0
myfile1183.txt,135,0,0.0
myfile1184.txt,426,0,0.0
myfile1185.txt,90,0,0.0
myfile1186.txt,702,0,0.0
myfile1187.txt,213,0,0.0
myfile1188.txt,585,0,0.0
myfile1189.txt,129,0,0.0
myfile1190.txt,123,0,0.0
myfile1191.txt,108,0,0.0
myfile1192.txt,171,0,0.0
myfile1193.txt,300,0,0.0
myfile1194.txt,165,0,0.0
myfile1195.txt,168,0,0.0
myfile1196.txt,156,0,0.0
myfile1197.txt,429,0,0.0
myfile1198.txt,33,0,0.0
myfile1199.txt,141,0,0.0
myfile1200.txt,321,0,0.0
myfile1201.txt,585,0,0.0
myfile1202.txt,606,0,0.0
myfile1203.txt,111,0,0.0
myfile1204.txt,54,0,0.0
myfile1205.txt,135,0,0.0
myfile1206.txt,93,0,0.0
myfile1207.txt,48,0,0.0
myfile1208.txt,138,0,0.0
myfile1209.txt,177,0,0.0
myfile1210.txt,543,0,0.0
myfile1211.txt,105,0,0.0
myfile1212.txt,111,0,0.0
myfile1213.txt,255,0,0.0
myfile1214.txt,177,0,0.0
myfile1215.txt,222,0,0.0
myfile1216.txt,345,0,0.0
myfile1217.txt,279,0,0.0
myfile1218.txt,195,0,0.0
myfile1219.txt,180,0,0.0
myfile1220.txt,183,0,0.0
myfile1221.txt,180,0,0.0
myfile1222.txt,171,0,0.0
myfile1223.txt,300,0,0.0
myfile1224.txt,207,0,0.0
myfile1225.txt,303,0,0.0
myfile1226.txt,45,0,0.0
myfile1227.txt,138,0,0.0
myfile1228.txt,324,0,0.0
myfile1229.txt,297,0,0.0
myfile1230.txt,45,0,0.0
myfile1231.txt,42,0,0.0
myfile1232.txt,174,0,0.0
myfile1233.txt,129,0,0.0
myfile1234.txt,195,0,0.0
myfile1235.txt,240,0,0.0
myfile1236.txt,237,0,0.0
myfile1237.txt,234,0,0.0
myfile1238.txt,240,0,0.0
myfile1239.txt,216,0,0.0
myfile1240.txt,105,0,0.0
myfile1241.txt,531,0,0.0
myfile1242.txt,309,0,0.0
myfile1243.txt,378,0,0.0
myfile1244.txt,357,0,0.0
myfile1245.txt,48,0,0.0
myfile1246.txt,276,0,0.0
myfile1247.txt,321,0,0.0
myfile1248.txt,423,0,0.0
myfile1249.txt,249,0,0.0
myfile1250.txt,288,0,0.0
myfile1251.txt,1059,0,0.0
myfile1252.txt,93,0,0.0
myfile1253.txt,132,0,0.0
myfile1254.txt,177,0,0.0
myfile1255.txt,99,0,0.0
myfile1256.txt,180,0,0.0
myfile1257.txt,78,0,0.0
myfile1258.txt,255,0,0.0
myfile1259.txt,207,0,0.0
myfile1260.txt,816,0,0.0
myfile1261.txt,402,6,0.014925373134328358
myfile1262.txt,132,0,0.0
myfile1263.txt,57,0,0.0
myfile1264.txt,144,0,0.0
myfile1265.txt,249,0,0.0
myfile1266.txt,180,0,0.0
myfile1267.txt,315,0,0.0
myfile1268.txt,36,0,0.0
myfile1269.txt,450,0,0.0
myfile1270.txt,300,0,0.0
myfile1271.txt,141,0,0.0
myfile1272.txt,138,0,0.0
myfile1273.txt,765,0,0.0
myfile1274.txt,51,0,0.0
myfile1275.txt,399,0,0.0
myfile1276.txt,276,0,0.0
myfile1277.txt,1521,0,0.0
myfile1278.txt,213,0,0.0
myfile1279.txt,210,0,0.0
myfile1280.txt,312,0,0.0
myfile1281.txt,210,0,0.0
myfile1282.txt,51,0,0.0
myfile1283.txt,252,0,0.0
myfile1284.txt,54,0,0.0
myfile1285.txt,150,0,0.0
myfile1286.txt,195,0,0.0
myfile1287.txt,624,0,0.0
myfile1288.txt,177,0,0.0
myfile1289.txt,33,0,0.0
myfile1290.txt,318,0,0.0
myfile1291.txt,240,0,0.0
myfile1292.txt,186,0,0.0
myfile1293.txt,705,0,0.0
myfile1294.txt,267,0,0.0
myfile1295.txt,153,0,0.0
myfile1296.txt,75,0,0.0
myfile1297.txt,183,0,0.0
myfile1298.txt,105,0,0.0
myfile1299.txt,132,0,0.0
myfile1300.txt,345,0,0.0
myfile1301.txt,228,0,0.0
myfile1302.txt,348,0,0.0
myfile1303.txt,192,0,0.0
myfile1304.txt,1110,0,0.0
myfile1305.txt,492,0,0.0
myfile1306.txt,234,3,0.01282051282051282
myfile1307.txt,57,0,0.0
myfile1308.txt,225,0,0.0
myfile1309.txt,399,0,0.0
myfile1310.txt,39,0,0.0
myfile1311.txt,42,0,0.0
myfile1312.txt,45,0,0.0
myfile1313.txt,489,0,0.0
myfile1314.txt,264,0,0.0
myfile1315.txt,210,0,0.0
myfile1316.txt,45,0,0.0
myfile1317.txt,213,0,0.0
myfile1318.txt,309,0,0.0
myfile1319.txt,510,0,0.0
myfile1320.txt,54,0,0.0
myfile1321.txt,882,0,0.0
myfile1322.txt,309,0,0.0
myfile1323.txt,36,0,0.0
myfile1324.txt,303,0,0.0
myfile1325.txt,231,0,0.0
myfile1326.txt,153,0,0.0
myfile1327.txt,630,0,0.0
myfile1328.txt,78,0,0.0
myfile1329.txt,45,0,0.0
myfile1330.txt,195,0,0.0
myfile1331.txt,51,0,0.0
myfile1332.txt,579,0,0.0
myfile1333.txt,663,3,0.004524886877828055
myfile1334.txt,45,0,0.0
myfile1335.txt,813,0,0.0
myfile1336.txt,498,0,0.0
myfile1337.txt,237,0,0.0
myfile1338.txt,330,6,0.01818181818181818
myfile1339.txt,288,0,0.0
myfile1340.txt,1770,0,0.0
myfile1341.txt,336,6,0.017857142857142856
myfile1342.txt,321,0,0.0
myfile1343.txt,285,0,0.0
myfile1344.txt,48,0,0.0
myfile1345.txt,192,0,0.0
myfile1346.txt,129,0,0.0
myfile1347.txt,1278,0,0.0
myfile1348.txt,225,0,0.0
myfile1349.txt,51,0,0.0
myfile1350.txt,99,0,0.0
myfile1351.txt,54,0,0.0
myfile1352.txt,129,0,0.0
myfile1353.txt,45,0,0.0
myfile1354.txt,249,0,0.0
myfile1355.txt,51,0,0.0
myfile1356.txt,210,0,0.0
myfile1357.txt,723,0,0.0
myfile1358.txt,246,0,0.0
myfile1359.txt,549,0,0.0
myfile1360.txt,153,0,0.0
myfile1361.txt,72,0,0.0
myfile1362.txt,249,0,0.0
myfile1363.txt,258,0,0.0
myfile1364.txt,42,0,0.0
myfile1365.txt,42,0,0.0
myfile1366.txt,33,0,0.0
myfile1367.txt,729,0,0.0
myfile1368.txt,1059,0,0.0
myfile1369.txt,657,0,0.0
myfile1370.txt,237,0,0.0
myfile1371.txt,336,0,0.0
myfile1372.txt,102,0,0.0
myfile1373.txt,147,0,0.0
myfile1374.txt,225,0,0.0
myfile1375.txt,48,0,0.0
myfile1376.txt,741,0,0.0
myfile1377.txt,39,0,0.0
myfile1378.txt,222,0,0.0
myfile1379.txt,1185,0,0.0
myfile1380.txt,57,0,0.0
myfile1381.txt,1242,0,0.0
myfile1382.txt,636,0,0.0
myfile1383.txt,48,0,0.0
myfile1384.txt,33,0,0.0
myfile1385.txt,141,0,0.0
myfile1386.txt,681,0,0.0
myfile1387.txt,144,0,0.0
myfile1388.txt,258,0,0.0
myfile1389.txt,48,0,0.0
myfile1390.txt,42,0,0.0
myfile1391.txt,567,0,0.0
myfile1392.txt,411,0,0.0
myfile1393.txt,237,0,0.0
myfile1394.txt,246,0,0.0
myfile1395.txt,555,0,0.0
myfile1396.txt,210,0,0.0
myfile1397.txt,165,0,0.0
myfile1398.txt,333,0,0.0
myfile1399.txt,228,0,0.0
myfile1400.txt,399,0,0.0
myfile1401.txt,309,0,0.0
myfile1402.txt,318,0,0.0
myfile1403.txt,207,0,0.0
myfile1404.txt,570,0,0.0
myfile1405.txt,210,0,0.0
myfile1406.txt,147,0,0.0
myfile1407.txt,648,0,0.0
myfile1408.txt,408,0,0.0
myfile1409.txt,57,0,0.0
myfile1410.txt,48,0,0.0
myfile1411.txt,366,0,0.0
myfile1412.txt,381,0,0.0
myfile1413.txt,114,0,0.0
myfile1414.txt,186,0,0.0
myfile1415.txt,153,0,0.0
myfile1416.txt,165,0,0.0
myfile1417.txt,243,0,0.0
myfile1418.txt,42,0,0.0
myfile1419.txt,261,0,0.0
myfile1420.txt,54,0,0.0
myfile1421.txt,45,0,0.0
myfile1422.txt,1776,0,0.0
myfile1423.txt,1056,0,0.0
myfile1424.txt,45,0,0.0
myfile1425.txt,51,0,0.0
myfile1426.txt,267,0,0.0
myfile1427.txt,57,0,0.0
myfile1428.txt,231,0,0.0
myfile1429.txt,216,0,0.0
myfile1430.txt,138,0,0.0
myfile1431.txt,150,0,0.0
myfile1432.txt,42,0,0.0
myfile1433.txt,171,0,0.0
myfile1434.txt,267,0,0.0
myfile1435.txt,213,0,0.0
myfile1436.txt,195,0,0.0
myfile1437.txt,306,0,0.0
myfile1438.txt,822,0,0.0
myfile1439.txt,48,0,0.0
myfile1440.txt,51,0,0.0
myfile1441.txt,210,0,0.0
myfile1442.txt,51,0,0.0
myfile1443.txt,357,0,0.0
myfile1444.txt,54,0,0.0
myfile1445.txt,30,0,0.0
myfile1446.txt,42,0,0.0
myfile1447.txt,300,0,0.0
myfile1448.txt,264,0,0.0
myfile1449.txt,489,0,0.0
myfile1450.txt,45,0,0.0
myfile1451.txt,84,0,0.0
myfile1452.txt,51,0,0.0
myfile1453.txt,288,0,0.0
myfile1454.txt,258,0,0.0
myfile1455.txt,165,0,0.0
myfile1456.txt,51,0,0.0
myfile1457.txt,45,0,0.0
myfile1458.txt,339,0,0.0
myfile1459.txt,753,0,0.0
myfile1460.txt,279,0,0.0
myfile1461.txt,432,0,0.0
myfile1462.txt,258,0,0.0
myfile1463.txt,42,0,0.0
myfile1464.txt,48,0,0.0
myfile1465.txt,36,0,0.0
myfile1466.txt,588,0,0.0
myfile1467.txt,234,0,0.0
myfile1468.txt,45,0,0.0
myfile1469.txt,573,0,0.0
myfile1470.txt,45,0,0.0
myfile1471.txt,42,0,0.0
myfile1472.txt,483,0,0.0
myfile1473.txt,1005,0,0.0
myfile1474.txt,267,0,0.0
myfile1475.txt,693,0,0.0
myfile1476.txt,45,0,0.0
myfile1477.txt,333,0,0.0
myfile1478.txt,39,0,0.0
myfile1479.txt,108,0,0.0
myfile1480.txt,195,0,0.0
myfile1481.txt,225,0,0.0
myfile1482.txt,105,0,0.0
myfile1483.txt,225,0,0.0
myfile1484.txt,48,0,0.0
myfile1485.txt,45,0,0.0
myfile1486.txt,2130,0,0.0
myfile1487.txt,105,0,0.0
myfile1488.txt,177,0,0.0
myfile1489.txt,246,0,0.0
myfile1490.txt,336,0,0.0
myfile1491.txt,771,0,0.0
myfile1492.txt,489,0,0.0
myfile1493.txt,339,0,0.0
myfile1494.txt,45,0,0.0
myfile1495.txt,42,0,0.0
myfile1496.txt,48,0,0.0
myfile1497.txt,744,0,0.0
myfile1498.txt,528,0,0.0
myfile1499.txt,45,0,0.0
myfile1500.txt,1083,0,0.0
myfile1501.txt,414,0,0.0
myfile1502.txt,570,0,0.0
myfile1503.txt,363,0,0.0
myfile1504.txt,348,0,0.0
myfile1505.txt,48,0,0.0
myfile1506.txt,294,0,0.0
myfile1507.txt,408,0,0.0
myfile1508.txt,2442,0,0.0
myfile1509.txt,258,0,0.0
myfile1510.txt,399,0,0.0
myfile1511.txt,39,0,0.0
myfile1512.txt,594,0,0.0
myfile1513.txt,225,6,0.02666666666666667
myfile1514.txt,519,0,0.0
myfile1515.txt,459,0,0.0
myfile1516.txt,333,0,0.0
myfile1517.txt,444,0,0.0
myfile1518.txt,48,0,0.0
myfile1519.txt,216,0,0.0
myfile1520.txt,48,0,0.0
myfile1521.txt,306,0,0.0
myfile1522.txt,240,0,0.0
myfile1523.txt,354,0,0.0
myfile1524.txt,309,0,0.0
myfile1525.txt,1083,0,0.0
myfile1526.txt,249,0,0.0
myfile1527.txt,48,0,0.0
myfile1528.txt,48,0,0.0
myfile1529.txt,192,0,0.0
myfile1530.txt,525,0,0.0
myfile1531.txt,54,0,0.0
myfile1532.txt,798,0,0.0
myfile1533.txt,318,0,0.0
myfile1534.txt,282,0,0.0
myfile1535.txt,342,0,0.0
myfile1536.txt,576,0,0.0
myfile1537.txt,36,0,0.0
myfile1538.txt,183,0,0.0
myfile1539.txt,495,0,0.0
myfile1540.txt,45,0,0.0
myfile1541.txt,852,0,0.0
myfile1542.txt,1932,3,0.0015527950310559005
myfile1543.txt,45,0,0.0
myfile1544.txt,48,0,0.0
myfile1545.txt,411,0,0.0
myfile1546.txt,675,0,0.0
myfile1547.txt,1041,0,0.0
myfile1548.txt,45,0,0.0
myfile1549.txt,354,0,0.0
myfile1550.txt,498,0,0.0
myfile1551.txt,171,0,0.0
myfile1552.txt,51,0,0.0
myfile1553.txt,174,0,0.0
myfile1554.txt,51,0,0.0
myfile1555.txt,48,0,0.0
myfile1556.txt,594,0,0.0
myfile1557.txt,1269,0,0.0
myfile1558.txt,282,0,0.0
myfile1559.txt,48,0,0.0
myfile1560.txt,249,0,0.0
myfile1561.txt,900,0,0.0
myfile1562.txt,237,0,0.0
myfile1563.txt,642,0,0.0
myfile1564.txt,39,0,0.0
myfile1565.txt,591,0,0.0
myfile1566.txt,546,0,0.0
myfile1567.txt,618,0,0.0
myfile1568.txt,639,0,0.0
myfile1569.txt,444,0,0.0
myfile1570.txt,315,0,0.0
myfile1571.txt,612,0,0.0
myfile1572.txt,2106,0,0.0
myfile1573.txt,1323,0,0.0
myfile1574.txt,252,0,0.0
myfile1575.txt,1047,0,0.0
myfile1576.txt,261,0,0.0
myfile1577.txt,594,0,0.0
myfile1578.txt,492,0,0.0
myfile_second_1.txt,1167,0,0.0
myfile_second_10.txt,42,0,0.0
myfile_second_100.txt,42,0,0.0
myfile_second_1000.txt,201,0,0.0
myfile_second_1001.txt,54,0,0.0
myfile_second_101.txt,864,0,0.0
myfile_second_102.txt,255,0,0.0
myfile_second_103.txt,282,0,0.0
myfile_second_104.txt,39,0,0.0
myfile_second_105.txt,195,0,0.0
myfile_second_106.txt,63,0,0.0
myfile_second_107.txt,51,0,0.0
myfile_second_108.txt,42,0,0.0
myfile_second_109.txt,177,0,0.0
myfile_second_11.txt,39,0,0.0
myfile_second_110.txt,51,0,0.0
myfile_second_111.txt,48,0,0.0
myfile_second_112.txt,87,0,0.0
myfile_second_113.txt,168,0,0.0
myfile_second_114.txt,324,0,0.0
myfile_second_115.txt,180,0,0.0
myfile_second_116.txt,792,0,0.0
myfile_second_117.txt,147,0,0.0
myfile_second_118.txt,132,0,0.0
myfile_second_119.txt,291,0,0.0
myfile_second_12.txt,300,0,0.0
myfile_second_120.txt,45,0,0.0
myfile_second_121.txt,60,0,0.0
myfile_second_122.txt,42,0,0.0
myfile_second_123.txt,435,0,0.0
myfile_second_124.txt,249,0,0.0
myfile_second_125.txt,288,0,0.0
myfile_second_126.txt,51,0,0.0
myfile_second_127.txt,51,0,0.0
myfile_second_128.txt,246,0,0.0
myfile_second_129.txt,333,0,0.0
myfile_second_13.txt,501,0,0.0
myfile_second_130.txt,48,0,0.0
myfile_second_131.txt,51,0,0.0
myfile_second_132.txt,117,0,0.0
myfile_second_133.txt,459,0,0.0
myfile_second_134.txt,270,0,0.0
myfile_second_135.txt,312,0,0.0
myfile_second_136.txt,57,0,0.0
myfile_second_137.txt,333,0,0.0
myfile_second_138.txt,324,0,0.0
myfile_second_139.txt,48,0,0.0
myfile_second_14.txt,45,0,0.0
myfile_second_140.txt,135,0,0.0
myfile_second_141.txt,225,0,0.0
myfile_second_142.txt,234,0,0.0
myfile_second_143.txt,45,0,0.0
myfile_second_144.txt,45,0,0.0
myfile_second_145.txt,51,0,0.0
myfile_second_146.txt,309,0,0.0
myfile_second_147.txt,48,0,0.0
myfile_second_148.txt,54,0,0.0
myfile_second_149.txt,291,0,0.0
myfile_second_15.txt,42,0,0.0
myfile_second_150.txt,48,0,0.0
myfile_second_151.txt,180,0,0.0
myfile_second_152.txt,48,0,0.0
myfile_second_153.txt,54,0,0.0
myfile_second_154.txt,48,0,0.0
myfile_second_155.txt,42,0,0.0
myfile_second_156.txt,45,0,0.0
myfile_second_157.txt,309,0,0.0
myfile_second_158.txt,201,0,0.0
myfile_second_159.txt,558,0,0.0
myfile_second_16.txt,57,0,0.0
myfile_second_160.txt,471,0,0.0
myfile_second_161.txt,183,0,0.0
myfile_second_162.txt,54,0,0.0
myfile_second_163.txt,48,0,0.0
myfile_second_164.txt,42,0,0.0
myfile_second_165.txt,150,0,0.0
myfile_second_166.txt,180,0,0.0
myfile_second_167.txt,54,0,0.0
myfile_second_168.txt,777,0,0.0
myfile_second_169.txt,45,0,0.0
myfile_second_17.txt,45,0,0.0
myfile_second_170.txt,186,0,0.0
myfile_second_171.txt,42,0,0.0
myfile_second_172.txt,51,0,0.0
myfile_second_173.txt,45,0,0.0
myfile_second_174.txt,552,0,0.0
myfile_second_175.txt,54,0,0.0
myfile_second_176.txt,321,0,0.0
myfile_second_177.txt,42,0,0.0
myfile_second_178.txt,54,0,0.0
myfile_second_179.txt,30,0,0.0
myfile_second_18.txt,231,0,0.0
myfile_second_180.txt,261,0,0.0
myfile_second_181.txt,165,0,0.0
myfile_second_182.txt,45,0,0.0
myfile_second_183.txt,45,0,0.0
myfile_second_184.txt,483,0,0.0
myfile_second_185.txt,42,0,0.0
myfile_second_186.txt,1545,0,0.0
myfile_second_187.txt,369,0,0.0
myfile_second_188.txt,156,0,0.0
myfile_second_189.txt,150,0,0.0
myfile_second_19.txt,291,0,0.0
myfile_second_190.txt,285,0,0.0
myfile_second_191.txt,225,0,0.0
myfile_second_192.txt,54,0,0.0
myfile_second_193.txt,36,0,0.0
myfile_second_194.txt,42,0,0.0
myfile_second_195.txt,105,0,0.0
myfile_second_196.txt,171,0,0.0
myfile_second_197.txt,45,0,0.0
myfile_second_198.txt,45,0,0.0
myfile_second_199.txt,702,0,0.0
myfile_second_2.txt,231,0,0.0
myfile_second_20.txt,786,0,0.0
myfile_second_200.txt,45,0,0.0
myfile_second_201.txt,45,0,0.0
myfile_second_202.txt,546,0,0.0
myfile_second_203.txt,51,0,0.0
myfile_second_204.txt,267,0,0.0
myfile_second_205.txt,42,0,0.0
myfile_second_206.txt,186,0,0.0
myfile_second_207.txt,180,0,0.0
myfile_second_208.txt,684,0,0.0
myfile_second_209.txt,129,0,0.0
myfile_second_21.txt,585,0,0.0
myfile_second_210.txt,162,0,0.0
myfile_second_211.txt,36,0,0.0
myfile_second_212.txt,471,0,0.0
myfile_second_213.txt,195,0,0.0
myfile_second_214.txt,171,0,0.0
myfile_second_215.txt,132,0,0.0
myfile_second_216.txt,669,0,0.0
myfile_second_217.txt,312,0,0.0
myfile_second_218.txt,42,0,0.0
myfile_second_219.txt,75,0,0.0
myfile_second_22.txt,312,0,0.0
myfile_second_220.txt,192,0,0.0
myfile_second_221.txt,123,0,0.0
myfile_second_222.txt,45,0,0.0
myfile_second_223.txt,147,0,0.0
myfile_second_224.txt,198,0,0.0
myfile_second_225.txt,804,0,0.0
myfile_second_226.txt,396,0,0.0
myfile_second_227.txt,45,0,0.0
myfile_second_228.txt,228,0,0.0
myfile_second_229.txt,45,0,0.0
myfile_second_23.txt,495,0,0.0
myfile_second_230.txt,264,0,0.0
myfile_second_231.txt,1197,0,0.0
myfile_second_232.txt,1020,0,0.0
myfile_second_233.txt,144,0,0.0
myfile_second_234.txt,123,0,0.0
myfile_second_235.txt,189,0,0.0
myfile_second_236.txt,165,0,0.0
myfile_second_237.txt,396,0,0.0
myfile_second_238.txt,381,0,0.0
myfile_second_239.txt,243,0,0.0
myfile_second_24.txt,48,0,0.0
myfile_second_240.txt,45,0,0.0
myfile_second_241.txt,438,0,0.0
myfile_second_242.txt,75,0,0.0
myfile_second_243.txt,471,0,0.0
myfile_second_244.txt,42,0,0.0
myfile_second_245.txt,402,0,0.0
myfile_second_246.txt,42,0,0.0
myfile_second_247.txt,219,0,0.0
myfile_second_248.txt,321,0,0.0
myfile_second_249.txt,150,0,0.0
myfile_second_25.txt,357,0,0.0
myfile_second_250.txt,354,0,0.0
myfile_second_251.txt,81,3,0.037037037037037035
myfile_second_252.txt,147,0,0.0
myfile_second_253.txt,177,0,0.0
myfile_second_254.txt,51,0,0.0
myfile_second_255.txt,246,0,0.0
myfile_second_256.txt,195,0,0.0
myfile_second_257.txt,102,0,0.0
myfile_second_258.txt,108,0,0.0
myfile_second_259.txt,1581,0,0.0
myfile_second_26.txt,534,0,0.0
myfile_second_260.txt,45,0,0.0
myfile_second_261.txt,300,0,0.0
myfile_second_262.txt,1893,0,0.0
myfile_second_263.txt,273,0,0.0
myfile_second_264.txt,705,0,0.0
myfile_second_265.txt,48,0,0.0
myfile_second_266.txt,144,0,0.0
myfile_second_267.txt,339,0,0.0
myfile_second_268.txt,261,0,0.0
myfile_second_269.txt,141,0,0.0
myfile_second_27.txt,567,0,0.0
myfile_second_270.txt,1245,0,0.0
myfile_second_271.txt,45,0,0.0
myfile_second_272.txt,288,0,0.0
myfile_second_273.txt,165,0,0.0
myfile_second_274.txt,228,0,0.0
myfile_second_275.txt,57,0,0.0
myfile_second_276.txt,345,0,0.0
myfile_second_277.txt,45,0,0.0
myfile_second_278.txt,135,0,0.0
myfile_second_279.txt,264,0,0.0
myfile_second_28.txt,1758,0,0.0
myfile_second_280.txt,45,0,0.0
myfile_second_281.txt,48,0,0.0
myfile_second_282.txt,525,3,0.005714285714285714
myfile_second_283.txt,663,0,0.0
myfile_second_284.txt,147,0,0.0
myfile_second_285.txt,630,0,0.0
myfile_second_286.txt,312,0,0.0
myfile_second_287.txt,558,0,0.0
myfile_second_288.txt,351,0,0.0
myfile_second_289.txt,264,0,0.0
myfile_second_29.txt,1656,0,0.0
myfile_second_290.txt,45,0,0.0
myfile_second_291.txt,306,0,0.0
myfile_second_292.txt,480,0,0.0
myfile_second_293.txt,45,0,0.0
myfile_second_294.txt,270,0,0.0
myfile_second_295.txt,723,0,0.0
myfile_second_296.txt,48,0,0.0
myfile_second_297.txt,51,0,0.0
myfile_second_298.txt,240,0,0.0
myfile_second_299.txt,243,0,0.0
myfile_second_3.txt,306,0,0.0
myfile_second_30.txt,849,0,0.0
myfile_second_300.txt,411,0,0.0
myfile_second_301.txt,144,0,0.0
myfile_second_302.txt,132,0,0.0
myfile_second_303.txt,45,0,0.0
myfile_second_304.txt,564,0,0.0
myfile_second_305.txt,582,0,0.0
myfile_second_306.txt,39,0,0.0
myfile_second_307.txt,321,0,0.0
myfile_second_308.txt,327,0,0.0
myfile_second_309.txt,168,0,0.0
myfile_second_31.txt,171,0,0.0
myfile_second_310.txt,84,0,0.0
myfile_second_311.txt,561,0,0.0
myfile_second_312.txt,117,0,0.0
myfile_second_313.txt,78,0,0.0
myfile_second_314.txt,135,0,0.0
myfile_second_315.txt,42,0,0.0
myfile_second_316.txt,171,0,0.0
myfile_second_317.txt,45,0,0.0
myfile_second_318.txt,57,0,0.0
myfile_second_319.txt,387,0,0.0
myfile_second_32.txt,48,0,0.0
myfile_second_320.txt,342,0,0.0
myfile_second_321.txt,267,0,0.0
myfile_second_322.txt,153,0,0.0
myfile_second_323.txt,225,0,0.0
myfile_second_324.txt,363,0,0.0
myfile_second_325.txt,297,0,0.0
myfile_second_326.txt,471,0,0.0
myfile_second_327.txt,45,0,0.0
myfile_second_328.txt,123,0,0.0
myfile_second_329.txt,45,0,0.0
myfile_second_33.txt,42,0,0.0
myfile_second_330.txt,42,0,0.0
myfile_second_331.txt,45,0,0.0
myfile_second_332.txt,276,0,0.0
myfile_second_333.txt,633,0,0.0
myfile_second_334.txt,165,0,0.0
myfile_second_335.txt,1077,3,0.002785515320334262
myfile_second_336.txt,33,0,0.0
myfile_second_337.txt,147,0,0.0
myfile_second_338.txt,57,0,0.0
myfile_second_339.txt,201,0,0.0
myfile_second_34.txt,234,0,0.0
myfile_second_340.txt,294,0,0.0
myfile_second_341.txt,486,0,0.0
myfile_second_342.txt,57,0,0.0
myfile_second_343.txt,36,0,0.0
myfile_second_344.txt,261,0,0.0
myfile_second_345.txt,45,0,0.0
myfile_second_346.txt,489,0,0.0
myfile_second_347.txt,39,0,0.0
myfile_second_348.txt,264,0,0.0
myfile_second_349.txt,45,0,0.0
myfile_second_35.txt,276,0,0.0
myfile_second_350.txt,39,0,0.0
myfile_second_351.txt,1404,0,0.0
myfile_second_352.txt,303,9,0.0297029702970297
myfile_second_353.txt,135,0,0.0
myfile_second_354.txt,402,0,0.0
myfile_second_355.txt,213,0,0.0
myfile_second_356.txt,288,0,0.0
myfile_second_357.txt,138,0,0.0
myfile_second_358.txt,198,0,0.0
myfile_second_359.txt,45,0,0.0
myfile_second_36.txt,36,0,0.0
myfile_second_360.txt,93,0,0.0
myfile_second_361.txt,66,0,0.0
myfile_second_362.txt,141,0,0.0
myfile_second_363.txt,591,0,0.0
myfile_second_364.txt,99,0,0.0
myfile_second_365.txt,126,0,0.0
myfile_second_366.txt,183,0,0.0
myfile_second_367.txt,102,0,0.0
myfile_second_368.txt,141,0,0.0
myfile_second_369.txt,177,0,0.0
myfile_second_37.txt,297,3,0.010101010101010102
myfile_second_370.txt,222,0,0.0
myfile_second_371.txt,108,0,0.0
myfile_second_372.txt,126,0,0.0
myfile_second_373.txt,129,0,0.0
myfile_second_374.txt,117,0,0.0
myfile_second_375.txt,246,0,0.0
myfile_second_376.txt,135,0,0.0
myfile_second_377.txt,105,0,0.0
myfile_second_378.txt,201,0,0.0
myfile_second_379.txt,465,0,0.0
myfile_second_38.txt,1440,0,0.0
myfile_second_380.txt,183,0,0.0
myfile_second_381.txt,81,0,0.0
myfile_second_382.txt,870,0,0.0
myfile_second_383.txt,117,0,0.0
myfile_second_384.txt,297,0,0.0
myfile_second_385.txt,174,0,0.0
myfile_second_386.txt,159,0,0.0
myfile_second_387.txt,42,0,0.0
myfile_second_388.txt,99,0,0.0
myfile_second_389.txt,663,0,0.0
myfile_second_39.txt,513,0,0.0
myfile_second_390.txt,138,0,0.0
myfile_second_391.txt,189,0,0.0
myfile_second_392.txt,477,0,0.0
myfile_second_393.txt,468,0,0.0
myfile_second_394.txt,186,0,0.0
myfile_second_395.txt,186,0,0.0
myfile_second_396.txt,642,0,0.0
myfile_second_397.txt,54,0,0.0
myfile_second_398.txt,303,0,0.0
myfile_second_399.txt,54,0,0.0
myfile_second_4.txt,849,0,0.0
myfile_second_40.txt,48,0,0.0
myfile_second_400.txt,168,0,0.0
myfile_second_401.txt,168,0,0.0
myfile_second_402.txt,132,0,0.0
myfile_second_403.txt,222,0,0.0
myfile_second_404.txt,180,0,0.0
myfile_second_405.txt,258,0,0.0
myfile_second_406.txt,333,0,0.0
myfile_second_407.txt,138,0,0.0
myfile_second_408.txt,51,0,0.0
myfile_second_409.txt,672,0,0.0
myfile_second_41.txt,39,0,0.0
myfile_second_410.txt,261,0,0.0
myfile_second_411.txt,546,12,0.02197802197802198
myfile_second_412.txt,183,0,0.0
myfile_second_413.txt,129,0,0.0
myfile_second_414.txt,183,0,0.0
myfile_second_415.txt,120,0,0.0
myfile_second_416.txt,72,0,0.0
myfile_second_417.txt,54,0,0.0
myfile_second_418.txt,213,0,0.0
myfile_second_419.txt,240,0,0.0
myfile_second_42.txt,651,0,0.0
myfile_second_420.txt,201,0,0.0
myfile_second_421.txt,162,0,0.0
myfile_second_422.txt,348,0,0.0
myfile_second_423.txt,129,0,0.0
myfile_second_424.txt,228,0,0.0
myfile_second_425.txt,39,0,0.0
myfile_second_426.txt,144,0,0.0
myfile_second_427.txt,48,0,0.0
myfile_second_428.txt,45,0,0.0
myfile_second_429.txt,126,0,0.0
myfile_second_43.txt,303,0,0.0
myfile_second_430.txt,48,0,0.0
myfile_second_431.txt,141,0,0.0
myfile_second_432.txt,276,0,0.0
myfile_second_433.txt,237,0,0.0
myfile_second_434.txt,126,0,0.0
myfile_second_435.txt,51,0,0.0
myfile_second_436.txt,384,0,0.0
myfile_second_437.txt,582,0,0.0
myfile_second_438.txt,132,0,0.0
myfile_second_439.txt,264,0,0.0
myfile_second_44.txt,42,0,0.0
myfile_second_440.txt,183,0,0.0
myfile_second_441.txt,819,0,0.0
myfile_second_442.txt,138,0,0.0
myfile_second_443.txt,255,0,0.0
myfile_second_444.txt,48,0,0.0
myfile_second_445.txt,42,0,0.0
myfile_second_446.txt,228,0,0.0
myfile_second_447.txt,528,0,0.0
myfile_second_448.txt,189,0,0.0
myfile_second_449.txt,138,0,0.0
myfile_second_45.txt,828,0,0.0
myfile_second_450.txt,210,0,0.0
myfile_second_451.txt,162,0,0.0
myfile_second_452.txt,537,9,0.01675977653631285
myfile_second_453.txt,234,0,0.0
myfile_second_454.txt,171,0,0.0
myfile_second_455.txt,168,0,0.0
myfile_second_456.txt,183,0,0.0
myfile_second_457.txt,258,0,0.0
myfile_second_458.txt,627,0,0.0
myfile_second_459.txt,288,0,0.0
myfile_second_46.txt,972,0,0.0
myfile_second_460.txt,291,0,0.0
myfile_second_461.txt,858,0,0.0
myfile_second_462.txt,1398,0,0.0
myfile_second_463.txt,186,0,0.0
myfile_second_464.txt,618,0,0.0
myfile_second_465.txt,333,0,0.0
myfile_second_466.txt,165,0,0.0
myfile_second_467.txt,207,0,0.0
myfile_second_468.txt,240,0,0.0
myfile_second_469.txt,690,0,0.0
myfile_second_47.txt,42,0,0.0
myfile_second_470.txt,132,0,0.0
myfile_second_471.txt,162,0,0.0
myfile_second_472.txt,366,0,0.0
myfile_second_473.txt,165,0,0.0
myfile_second_474.txt,564,0,0.0
myfile_second_475.txt,609,0,0.0
myfile_second_476.txt,171,0,0.0
myfile_second_477.txt,222,0,0.0
myfile_second_478.txt,45,0,0.0
myfile_second_479.txt,165,0,0.0
myfile_second_48.txt,1530,0,0.0
myfile_second_480.txt,147,0,0.0
myfile_second_481.txt,150,0,0.0
myfile_second_482.txt,78,0,0.0
myfile_second_483.txt,54,0,0.0
myfile_second_484.txt,240,0,0.0
myfile_second_485.txt,279,0,0.0
myfile_second_486.txt,45,0,0.0
myfile_second_487.txt,48,0,0.0
myfile_second_488.txt,159,0,0.0
myfile_second_489.txt,330,0,0.0
myfile_second_49.txt,48,0,0.0
myfile_second_490.txt,135,0,0.0
myfile_second_491.txt,129,0,0.0
myfile_second_492.txt,240,0,0.0
myfile_second_493.txt,234,0,0.0
myfile_second_494.txt,231,0,0.0
myfile_second_495.txt,168,0,0.0
myfile_second_496.txt,336,0,0.0
myfile_second_497.txt,216,0,0.0
myfile_second_498.txt,159,0,0.0
myfile_second_499.txt,165,0,0.0
myfile_second_5.txt,1515,0,0.0
myfile_second_50.txt,837,0,0.0
myfile_second_500.txt,1923,3,0.0015600624024961
myfile_second_501.txt,309,0,0.0
myfile_second_502.txt,156,0,0.0
myfile_second_503.txt,108,0,0.0
myfile_second_504.txt,537,0,0.0
myfile_second_505.txt,273,0,0.0
myfile_second_506.txt,120,0,0.0
myfile_second_507.txt,189,0,0.0
myfile_second_508.txt,1191,0,0.0
myfile_second_509.txt,219,0,0.0
myfile_second_51.txt,312,0,0.0
myfile_second_510.txt,273,0,0.0
myfile_second_511.txt,1224,6,0.004901960784313725
myfile_second_512.txt,108,0,0.0
myfile_second_513.txt,192,0,0.0
myfile_second_514.txt,75,0,0.0
myfile_second_515.txt,252,0,0.0
myfile_second_516.txt,156,0,0.0
myfile_second_517.txt,603,0,0.0
myfile_second_518.txt,153,0,0.0
myfile_second_519.txt,102,0,0.0
myfile_second_52.txt,261,0,0.0
myfile_second_520.txt,48,3,0.0625
myfile_second_521.txt,303,0,0.0
myfile_second_522.txt,375,0,0.0
myfile_second_523.txt,201,0,0.0
myfile_second_524.txt,78,0,0.0
myfile_second_525.txt,198,0,0.0
myfile_second_526.txt,612,0,0.0
myfile_second_527.txt,150,0,0.0
myfile_second_528.txt,48,0,0.0
myfile_second_529.txt,393,0,0.0
myfile_second_53.txt,261,0,0.0
myfile_second_530.txt,240,0,0.0
myfile_second_531.txt,150,0,0.0
myfile_second_532.txt,318,0,0.0
myfile_second_533.txt,423,0,0.0
myfile_second_534.txt,108,0,0.0
myfile_second_535.txt,276,0,0.0
myfile_second_536.txt,201,0,0.0
myfile_second_537.txt,48,0,0.0
myfile_second_538.txt,1185,0,0.0
myfile_second_539.txt,306,0,0.0
myfile_second_54.txt,678,0,0.0
myfile_second_540.txt,372,0,0.0
myfile_second_541.txt,267,0,0.0
myfile_second_542.txt,51,0,0.0
myfile_second_543.txt,210,0,0.0
myfile_second_544.txt,108,0,0.0
myfile_second_545.txt,318,0,0.0
myfile_second_546.txt,564,0,0.0
myfile_second_547.txt,240,0,0.0
myfile_second_548.txt,138,0,0.0
myfile_second_549.txt,576,0,0.0
myfile_second_55.txt,48,0,0.0
myfile_second_550.txt,276,0,0.0
myfile_second_551.txt,57,0,0.0
myfile_second_552.txt,96,0,0.0
myfile_second_553.txt,69,0,0.0
myfile_second_554.txt,72,0,0.0
myfile_second_555.txt,309,0,0.0
myfile_second_556.txt,72,0,0.0
myfile_second_557.txt,255,0,0.0
myfile_second_558.txt,93,0,0.0
myfile_second_559.txt,45,0,0.0
myfile_second_56.txt,45,0,0.0
myfile_second_560.txt,81,0,0.0
myfile_second_561.txt,165,0,0.0
myfile_second_562.txt,180,0,0.0
myfile_second_563.txt,90,0,0.0
myfile_second_564.txt,138,0,0.0
myfile_second_565.txt,249,0,0.0
myfile_second_566.txt,153,0,0.0
myfile_second_567.txt,99,0,0.0
myfile_second_568.txt,69,0,0.0
myfile_second_569.txt,306,0,0.0
myfile_second_57.txt,348,0,0.0
myfile_second_570.txt,54,0,0.0
myfile_second_571.txt,1113,0,0.0
myfile_second_572.txt,120,0,0.0
myfile_second_573.txt,231,0,0.0
myfile_second_574.txt,42,3,0.07142857142857142
myfile_second_575.txt,72,0,0.0
myfile_second_576.txt,738,0,0.0
myfile_second_577.txt,69,0,0.0
myfile_second_578.txt,81,0,0.0
myfile_second_579.txt,135,0,0.0
myfile_second_58.txt,168,0,0.0
myfile_second_580.txt,54,0,0.0
myfile_second_581.txt,324,0,0.0
myfile_second_582.txt,120,0,0.0
myfile_second_583.txt,177,0,0.0
myfile_second_584.txt,120,0,0.0
myfile_second_585.txt,189,0,0.0
myfile_second_586.txt,174,0,0.0
myfile_second_587.txt,285,0,0.0
myfile_second_588.txt,807,0,0.0
myfile_second_589.txt,150,0,0.0
myfile_second_59.txt,54,0,0.0
myfile_second_590.txt,75,0,0.0
myfile_second_591.txt,72,0,0.0
myfile_second_592.txt,69,0,0.0
myfile_second_593.txt,129,0,0.0
myfile_second_594.txt,309,0,0.0
myfile_second_595.txt,312,0,0.0
myfile_second_596.txt,129,0,0.0
myfile_second_597.txt,54,0,0.0
myfile_second_598.txt,276,0,0.0
myfile_second_599.txt,36,0,0.0
myfile_second_6.txt,45,0,0.0
myfile_second_60.txt,774,0,0.0
myfile_second_600.txt,186,0,0.0
myfile_second_601.txt,138,0,0.0
myfile_second_602.txt,168,0,0.0
myfile_second_603.txt,132,0,0.0
myfile_second_604.txt,174,0,0.0
myfile_second_605.txt,165,0,0.0
myfile_second_606.txt,174,0,0.0
myfile_second_607.txt,42,0,0.0
myfile_second_608.txt,837,0,0.0
myfile_second_609.txt,237,0,0.0
myfile_second_61.txt,975,0,0.0
myfile_second_610.txt,33,0,0.0
myfile_second_611.txt,294,0,0.0
myfile_second_612.txt,267,0,0.0
myfile_second_613.txt,480,0,0.0
myfile_second_614.txt,1956,0,0.0
myfile_second_615.txt,48,0,0.0
myfile_second_616.txt,111,0,0.0
myfile_second_617.txt,42,0,0.0
myfile_second_618.txt,390,0,0.0
myfile_second_619.txt,117,0,0.0
myfile_second_62.txt,51,0,0.0
myfile_second_620.txt,384,0,0.0
myfile_second_621.txt,285,0,0.0
myfile_second_622.txt,51,0,0.0
myfile_second_623.txt,285,0,0.0
myfile_second_624.txt,543,0,0.0
myfile_second_625.txt,48,0,0.0
myfile_second_626.txt,192,0,0.0
myfile_second_627.txt,273,0,0.0
myfile_second_628.txt,375,0,0.0
myfile_second_629.txt,168,0,0.0
myfile_second_63.txt,42,0,0.0
myfile_second_630.txt,135,0,0.0
myfile_second_631.txt,540,0,0.0
myfile_second_632.txt,1305,0,0.0
myfile_second_633.txt,51,0,0.0
myfile_second_634.txt,432,0,0.0
myfile_second_635.txt,303,0,0.0
myfile_second_636.txt,561,0,0.0
myfile_second_637.txt,48,0,0.0
myfile_second_638.txt,141,0,0.0
myfile_second_639.txt,285,0,0.0
myfile_second_64.txt,1419,0,0.0
myfile_second_640.txt,129,0,0.0
myfile_second_641.txt,243,0,0.0
myfile_second_642.txt,192,0,0.0
myfile_second_643.txt,45,0,0.0
myfile_second_644.txt,129,0,0.0
myfile_second_645.txt,309,0,0.0
myfile_second_646.txt,195,0,0.0
myfile_second_647.txt,120,0,0.0
myfile_second_648.txt,159,0,0.0
myfile_second_649.txt,597,0,0.0
myfile_second_65.txt,39,0,0.0
myfile_second_650.txt,189,0,0.0
myfile_second_651.txt,222,0,0.0
myfile_second_652.txt,159,0,0.0
myfile_second_653.txt,429,0,0.0
myfile_second_654.txt,99,0,0.0
myfile_second_655.txt,189,0,0.0
myfile_second_656.txt,291,0,0.0
myfile_second_657.txt,174,0,0.0
myfile_second_658.txt,240,0,0.0
myfile_second_659.txt,123,0,0.0
myfile_second_66.txt,42,0,0.0
myfile_second_660.txt,216,0,0.0
myfile_second_661.txt,342,0,0.0
myfile_second_662.txt,192,0,0.0
myfile_second_663.txt,264,0,0.0
myfile_second_664.txt,51,0,0.0
myfile_second_665.txt,204,0,0.0
myfile_second_666.txt,426,0,0.0
myfile_second_667.txt,303,0,0.0
myfile_second_668.txt,216,0,0.0
myfile_second_669.txt,231,0,0.0
myfile_second_67.txt,42,0,0.0
myfile_second_670.txt,174,0,0.0
myfile_second_671.txt,171,0,0.0
myfile_second_672.txt,180,0,0.0
myfile_second_673.txt,99,0,0.0
myfile_second_674.txt,39,0,0.0
myfile_second_675.txt,57,0,0.0
myfile_second_676.txt,45,0,0.0
myfile_second_677.txt,297,0,0.0
myfile_second_678.txt,285,0,0.0
myfile_second_679.txt,243,0,0.0
myfile_second_68.txt,36,0,0.0
myfile_second_680.txt,105,0,0.0
myfile_second_681.txt,339,0,0.0
myfile_second_682.txt,357,0,0.0
myfile_second_683.txt,282,0,0.0
myfile_second_684.txt,54,0,0.0
myfile_second_685.txt,393,0,0.0
myfile_second_686.txt,447,0,0.0
myfile_second_687.txt,66,0,0.0
myfile_second_688.txt,45,0,0.0
myfile_second_689.txt,222,0,0.0
myfile_second_69.txt,45,0,0.0
myfile_second_690.txt,381,0,0.0
myfile_second_691.txt,297,0,0.0
myfile_second_692.txt,48,0,0.0
myfile_second_693.txt,309,0,0.0
myfile_second_694.txt,240,0,0.0
myfile_second_695.txt,81,0,0.0
myfile_second_696.txt,42,0,0.0
myfile_second_697.txt,75,0,0.0
myfile_second_698.txt,780,0,0.0
myfile_second_699.txt,291,0,0.0
myfile_second_7.txt,315,0,0.0
myfile_second_70.txt,99,0,0.0
myfile_second_700.txt,69,0,0.0
myfile_second_701.txt,75,0,0.0
myfile_second_702.txt,135,0,0.0
myfile_second_703.txt,234,0,0.0
myfile_second_704.txt,564,0,0.0
myfile_second_705.txt,1707,0,0.0
myfile_second_706.txt,435,3,0.006896551724137931
myfile_second_707.txt,129,0,0.0
myfile_second_708.txt,102,0,0.0
myfile_second_709.txt,324,0,0.0
myfile_second_71.txt,468,0,0.0
myfile_second_710.txt,210,0,0.0
myfile_second_711.txt,144,0,0.0
myfile_second_712.txt,237,0,0.0
myfile_second_713.txt,225,0,0.0
myfile_second_714.txt,591,0,0.0
myfile_second_715.txt,162,0,0.0
myfile_second_716.txt,39,0,0.0
myfile_second_717.txt,192,0,0.0
myfile_second_718.txt,51,0,0.0
myfile_second_719.txt,597,0,0.0
myfile_second_72.txt,39,0,0.0
myfile_second_720.txt,102,0,0.0
myfile_second_721.txt,267,0,0.0
myfile_second_722.txt,45,0,0.0
myfile_second_723.txt,378,0,0.0
myfile_second_724.txt,48,0,0.0
myfile_second_725.txt,267,0,0.0
myfile_second_726.txt,42,0,0.0
myfile_second_727.txt,306,0,0.0
myfile_second_728.txt,177,0,0.0
myfile_second_729.txt,549,0,0.0
myfile_second_73.txt,45,0,0.0
myfile_second_730.txt,57,0,0.0
myfile_second_731.txt,60,0,0.0
myfile_second_732.txt,270,0,0.0
myfile_second_733.txt,168,0,0.0
myfile_second_734.txt,180,0,0.0
myfile_second_735.txt,135,0,0.0
myfile_second_736.txt,150,0,0.0
myfile_second_737.txt,57,0,0.0
myfile_second_738.txt,213,0,0.0
myfile_second_739.txt,297,0,0.0
myfile_second_74.txt,51,0,0.0
myfile_second_740.txt,645,0,0.0
myfile_second_741.txt,570,0,0.0
myfile_second_742.txt,375,0,0.0
myfile_second_743.txt,48,0,0.0
myfile_second_744.txt,1410,0,0.0
myfile_second_745.txt,450,0,0.0
myfile_second_746.txt,219,0,0.0
myfile_second_747.txt,135,0,0.0
myfile_second_748.txt,861,0,0.0
myfile_second_749.txt,327,0,0.0
myfile_second_75.txt,279,0,0.0
myfile_second_750.txt,1410,0,0.0
myfile_second_751.txt,531,0,0.0
myfile_second_752.txt,339,0,0.0
myfile_second_753.txt,195,0,0.0
myfile_second_754.txt,54,0,0.0
myfile_second_755.txt,57,0,0.0
myfile_second_756.txt,516,0,0.0
myfile_second_757.txt,648,0,0.0
myfile_second_758.txt,276,0,0.0
myfile_second_759.txt,45,0,0.0
myfile_second_76.txt,372,0,0.0
myfile_second_760.txt,435,0,0.0
myfile_second_761.txt,48,0,0.0
myfile_second_762.txt,30,0,0.0
myfile_second_763.txt,258,3,0.011627906976744186
myfile_second_764.txt,2178,0,0.0
myfile_second_765.txt,141,0,0.0
myfile_second_766.txt,285,0,0.0
myfile_second_767.txt,189,0,0.0
myfile_second_768.txt,126,0,0.0
myfile_second_769.txt,396,0,0.0
myfile_second_77.txt,438,0,0.0
myfile_second_770.txt,384,0,0.0
myfile_second_771.txt,174,0,0.0
myfile_second_772.txt,2187,0,0.0
myfile_second_773.txt,522,0,0.0
myfile_second_774.txt,729,0,0.0
myfile_second_775.txt,294,0,0.0
myfile_second_776.txt,99,0,0.0
myfile_second_777.txt,294,0,0.0
myfile_second_778.txt,474,0,0.0
myfile_second_779.txt,153,0,0.0
myfile_second_78.txt,36,0,0.0
myfile_second_780.txt,1122,0,0.0
myfile_second_781.txt,318,0,0.0
myfile_second_782.txt,1332,0,0.0
myfile_second_783.txt,891,0,0.0
myfile_second_784.txt,144,0,0.0
myfile_second_785.txt,138,0,0.0
myfile_second_786.txt,324,0,0.0
myfile_second_787.txt,735,0,0.0
myfile_second_788.txt,174,0,0.0
myfile_second_789.txt,45,0,0.0
myfile_second_79.txt,456,0,0.0
myfile_second_790.txt,612,0,0.0
myfile_second_791.txt,189,0,0.0
myfile_second_792.txt,189,0,0.0
myfile_second_793.txt,93,0,0.0
myfile_second_794.txt,267,0,0.0
myfile_second_795.txt,432,0,0.0
myfile_second_796.txt,81,0,0.0
myfile_second_797.txt,294,0,0.0
myfile_second_798.txt,228,0,0.0
myfile_second_799.txt,75,0,0.0
myfile_second_8.txt,339,0,0.0
myfile_second_80.txt,348,0,0.0
myfile_second_800.txt,132,0,0.0
myfile_second_801.txt,123,0,0.0
myfile_second_802.txt,93,0,0.0
myfile_second_803.txt,201,0,0.0
myfile_second_804.txt,102,0,0.0
myfile_second_805.txt,534,0,0.0
myfile_second_806.txt,489,0,0.0
myfile_second_807.txt,156,0,0.0
myfile_second_808.txt,297,0,0.0
myfile_second_809.txt,696,0,0.0
myfile_second_81.txt,45,0,0.0
myfile_second_810.txt,264,0,0.0
myfile_second_811.txt,645,0,0.0
myfile_second_812.txt,174,0,0.0
myfile_second_813.txt,144,0,0.0
myfile_second_814.txt,363,0,0.0
myfile_second_815.txt,240,0,0.0
myfile_second_816.txt,201,0,0.0
myfile_second_817.txt,99,0,0.0
myfile_second_818.txt,123,0,0.0
myfile_second_819.txt,174,0,0.0
myfile_second_82.txt,42,0,0.0
myfile_second_820.txt,159,0,0.0
myfile_second_821.txt,75,0,0.0
myfile_second_822.txt,357,0,0.0
myfile_second_823.txt,1578,0,0.0
myfile_second_824.txt,543,0,0.0
myfile_second_825.txt,141,0,0.0
myfile_second_826.txt,216,0,0.0
myfile_second_827.txt,219,0,0.0
myfile_second_828.txt,546,0,0.0
myfile_second_829.txt,558,6,0.010752688172043012
myfile_second_83.txt,39,0,0.0
myfile_second_830.txt,279,0,0.0
myfile_second_831.txt,588,0,0.0
myfile_second_832.txt,183,0,0.0
myfile_second_833.txt,213,0,0.0
myfile_second_834.txt,297,0,0.0
myfile_second_835.txt,159,0,0.0
myfile_second_836.txt,147,0,0.0
myfile_second_837.txt,183,0,0.0
myfile_second_838.txt,171,0,0.0
myfile_second_839.txt,207,0,0.0
myfile_second_84.txt,39,0,0.0
myfile_second_840.txt,198,0,0.0
myfile_second_841.txt,474,0,0.0
myfile_second_842.txt,75,0,0.0
myfile_second_843.txt,201,0,0.0
myfile_second_844.txt,126,0,0.0
myfile_second_845.txt,225,0,0.0
myfile_second_846.txt,48,0,0.0
myfile_second_847.txt,48,0,0.0
myfile_second_848.txt,48,0,0.0
myfile_second_849.txt,45,0,0.0
myfile_second_85.txt,303,0,0.0
myfile_second_850.txt,42,0,0.0
myfile_second_851.txt,42,0,0.0
myfile_second_852.txt,48,0,0.0
myfile_second_853.txt,339,0,0.0
myfile_second_854.txt,588,0,0.0
myfile_second_855.txt,489,0,0.0
myfile_second_856.txt,45,0,0.0
myfile_second_857.txt,48,0,0.0
myfile_second_858.txt,36,0,0.0
myfile_second_859.txt,48,0,0.0
myfile_second_86.txt,45,0,0.0
myfile_second_860.txt,2028,0,0.0
myfile_second_861.txt,1140,0,0.0
myfile_second_862.txt,48,0,0.0
myfile_second_863.txt,771,0,0.0
myfile_second_864.txt,1218,0,0.0
myfile_second_865.txt,1272,3,0.0023584905660377358
myfile_second_866.txt,717,0,0.0
myfile_second_867.txt,2388,0,0.0
myfile_second_868.txt,2085,0,0.0
myfile_second_869.txt,738,0,0.0
myfile_second_87.txt,294,0,0.0
myfile_second_870.txt,825,0,0.0
myfile_second_871.txt,621,0,0.0
myfile_second_872.txt,297,0,0.0
myfile_second_873.txt,879,0,0.0
myfile_second_874.txt,108,0,0.0
myfile_second_875.txt,147,0,0.0
myfile_second_876.txt,213,0,0.0
myfile_second_877.txt,366,0,0.0
myfile_second_878.txt,474,0,0.0
myfile_second_879.txt,126,0,0.0
myfile_second_88.txt,507,0,0.0
myfile_second_880.txt,48,0,0.0
myfile_second_881.txt,735,0,0.0
myfile_second_882.txt,510,0,0.0
myfile_second_883.txt,117,0,0.0
myfile_second_884.txt,243,0,0.0
myfile_second_885.txt,261,0,0.0
myfile_second_886.txt,297,0,0.0
myfile_second_887.txt,291,0,0.0
myfile_second_888.txt,183,0,0.0
myfile_second_889.txt,177,0,0.0
myfile_second_89.txt,228,0,0.0
myfile_second_890.txt,552,0,0.0
myfile_second_891.txt,630,0,0.0
myfile_second_892.txt,615,0,0.0
myfile_second_893.txt,345,0,0.0
myfile_second_894.txt,210,0,0.0
myfile_second_895.txt,294,0,0.0
myfile_second_896.txt,210,0,0.0
myfile_second_897.txt,1356,0,0.0
myfile_second_898.txt,258,0,0.0
myfile_second_899.txt,558,0,0.0
myfile_second_9.txt,39,0,0.0
myfile_second_90.txt,345,0,0.0
myfile_second_900.txt,210,0,0.0
myfile_second_901.txt,57,0,0.0
myfile_second_902.txt,522,0,0.0
myfile_second_903.txt,336,0,0.0
myfile_second_904.txt,180,0,0.0
myfile_second_905.txt,354,0,0.0
myfile_second_906.txt,384,0,0.0
myfile_second_907.txt,534,0,0.0
myfile_second_908.txt,282,0,0.0
myfile_second_909.txt,315,0,0.0
myfile_second_91.txt,528,0,0.0
myfile_second_910.txt,402,0,0.0
myfile_second_911.txt,726,0,0.0
myfile_second_912.txt,306,0,0.0
myfile_second_913.txt,213,0,0.0
myfile_second_914.txt,60,0,0.0
myfile_second_915.txt,204,0,0.0
myfile_second_916.txt,321,0,0.0
myfile_second_917.txt,288,0,0.0
myfile_second_918.txt,204,0,0.0
myfile_second_919.txt,207,0,0.0
myfile_second_92.txt,282,0,0.0
myfile_second_920.txt,159,0,0.0
myfile_second_921.txt,54,0,0.0
myfile_second_922.txt,384,0,0.0
myfile_second_923.txt,96,0,0.0
myfile_second_924.txt,1374,0,0.0
myfile_second_925.txt,510,0,0.0
myfile_second_926.txt,102,0,0.0
myfile_second_927.txt,147,0,0.0
myfile_second_928.txt,1071,0,0.0
myfile_second_929.txt,69,0,0.0
myfile_second_93.txt,648,0,0.0
myfile_second_930.txt,126,0,0.0
myfile_second_931.txt,249,0,0.0
myfile_second_932.txt,123,0,0.0
myfile_second_933.txt,45,0,0.0
myfile_second_934.txt,48,0,0.0
myfile_second_935.txt,453,0,0.0
myfile_second_936.txt,252,0,0.0
myfile_second_937.txt,240,0,0.0
myfile_second_938.txt,360,0,0.0
myfile_second_939.txt,45,0,0.0
myfile_second_94.txt,324,0,0.0
myfile_second_940.txt,45,0,0.0
myfile_second_941.txt,48,0,0.0
myfile_second_942.txt,279,0,0.0
myfile_second_943.txt,126,0,0.0
myfile_second_944.txt,48,0,0.0
myfile_second_945.txt,252,0,0.0
myfile_second_946.txt,177,0,0.0
myfile_second_947.txt,330,0,0.0
myfile_second_948.txt,51,0,0.0
myfile_second_949.txt,258,0,0.0
myfile_second_95.txt,1560,0,0.0
myfile_second_950.txt,54,0,0.0
myfile_second_951.txt,42,0,0.0
myfile_second_952.txt,231,0,0.0
myfile_second_953.txt,246,0,0.0
myfile_second_954.txt,159,0,0.0
myfile_second_955.txt,1050,0,0.0
myfile_second_956.txt,288,0,0.0
myfile_second_957.txt,42,0,0.0
myfile_second_958.txt,51,0,0.0
myfile_second_959.txt,483,0,0.0
myfile_second_96.txt,51,0,0.0
myfile_second_960.txt,189,0,0.0
myfile_second_961.txt,321,0,0.0
myfile_second_962.txt,342,0,0.0
myfile_second_963.txt,291,0,0.0
myfile_second_964.txt,162,0,0.0
myfile_second_965.txt,222,0,0.0
myfile_second_966.txt,495,0,0.0
myfile_second_967.txt,291,0,0.0
myfile_second_968.txt,210,0,0.0
myfile_second_969.txt,123,0,0.0
myfile_second_97.txt,45,0,0.0
myfile_second_970.txt,48,0,0.0
myfile_second_971.txt,78,0,0.0
myfile_second_972.txt,372,0,0.0
myfile_second_973.txt,201,0,0.0
myfile_second_974.txt,135,0,0.0
myfile_second_975.txt,204,0,0.0
myfile_second_976.txt,270,0,0.0
myfile_second_977.txt,261,0,0.0
myfile_second_978.txt,249,0,0.0
myfile_second_979.txt,126,0,0.0
myfile_second_98.txt,45,0,0.0
myfile_second_980.txt,33,0,0.0
myfile_second_981.txt,573,0,0.0
myfile_second_982.txt,366,0,0.0
myfile_second_983.txt,99,0,0.0
myfile_second_984.txt,165,0,0.0
myfile_second_985.txt,369,0,0.0
myfile_second_986.txt,459,3,0.006535947712418301
myfile_second_987.txt,651,0,0.0
myfile_second_988.txt,249,0,0.0
myfile_second_989.txt,648,0,0.0
myfile_second_99.txt,891,0,0.0
myfile_second_990.txt,225,0,0.0
myfile_second_991.txt,531,0,0.0
myfile_second_992.txt,126,0,0.0
myfile_second_993.txt,81,0,0.0
myfile_second_994.txt,387,0,0.0
myfile_second_995.txt,48,0,0.0
myfile_second_996.txt,57,0,0.0
myfile_second_997.txt,45,0,0.0
myfile_second_998.txt,237,0,0.0
myfile_second_999.txt,648,0,0.0
